{
	"description": "项目配置文件",
	"packOptions": {
		"ignore": []
	},
	"setting": {
		"urlCheck": false,
		"es6": true,
		"enhance": true,
		"postcss": true,
		"minified": true,
		"newFeature": true,
		"coverView": true,
		"nodeModules": true,
		"autoAudits": false,
		"checkInvalidKey": true,
		"checkSiteMap": true,
		"uploadWithSourceMap": true,
		"babelSetting": {
			"ignore": [],
			"disablePlugins": [],
			"outputPath": ""
		}
	},
	"compileType": "miniprogram",
	"libVersion": "2.8.3",
	"appid": "wxe01acc19d98d325d",
	"projectname": "c-sleeve",
	"debugOptions": {
		"hidedInDevtools": []
	},
	"isGameTourist": false,
	"simulatorType": "wechat",
	"simulatorPluginLibVersion": {},
	"condition": {
		"search": {
			"current": -1,
			"list": []
		},
		"conversation": {
			"current": -1,
			"list": []
		},
		"plugin": {
			"current": -1,
			"list": []
		},
		"game": {
			"currentL": -1,
			"list": []
		},
		"miniprogram": {
			"current": 2,
			"list": [
				{
					"id": 0,
					"name": "pages/detail/detail",
					"pathName": "pages/detail/detail",
					"query": "pid=2",
					"scene": null
				},
				{
					"id": -1,
					"name": "无规格",
					"pathName": "pages/detail/detail",
					"query": "pid=11",
					"scene": null
				},
				{
					"id": -1,
					"name": "pages/home/test",
					"pathName": "pages/test/index",
					"scene": null
				}
			]
		}
	}
}